coeff,intercept
8.382713747444502,8.881784197001252e-16
46.57153769247551,-22.93315255547002
395.27479142986607,-253.09822221737204
223.79706340039058,-136.4916523800484
44.84932584734941,8.46138347004154
