coeff,intercept
3798.745473983794,2.7755575615628914e-17
7339.751542620479,-0.23764399927834523
93123.58800359227,-7.7013524744016575
297225.6400676703,-28.92592486854513
8022.790201328385,7.799945035981632
