coeff,intercept
17660.92963446177,0.0
64640.71092036728,-0.4069012816734848
628960.264260655,-6.6093374924365875
3138321.9509592783,-37.95377432098908
111754.14049476784,3.7886489209374368
